To generate a synthetic dataset based on the provided study, we'll create a CSV that includes variables reflecting the main experiment details and outcomes. The dataset will include 3215 rows, corresponding to the number of participants who completed the survey. Key variables will include participant demographics and the primary outcome composite score.

Here's a breakdown of the dataset structure:

1. **Participant_ID**: Unique identifier for each participant.
2. **Age**: Age of the participant.
3. **Gender**: Gender of the participant (Male/Female).
4. **Race_Ethnicity**: Race/ethnicity of the participant (White, Black, Hispanic, Other).
5. **Physician_Assignment**: The assignment of the simulated physician (Black Female, Black Male, White Female, White Male).
6. **Composite_Score**: Composite score of participant evaluations (range 0-100).
7. **Patient_Confidence**: Confidence in the physician's diagnosis and treatment plan (1-5 scale).
8. **Patient_Satisfaction**: Satisfaction with care (1-10 scale).
9. **Likelihood_To_Recommend**: Likelihood to recommend the physician (1-5 scale).
10. **Believes_Symptom_Checker**: Binary variable indicating belief in the symptom checker over the physician (0: Symptom Checker, 1: Physician).
11. **Requests_More_Tests**: Likelihood to request additional tests (1-5 scale).

Here's how the CSV might look:

```csv
Participant_ID,Age,Gender,Race_Ethnicity,Physician_Assignment,Composite_Score,Patient_Confidence,Patient_Satisfaction,Likelihood_To_Recommend,Believes_Symptom_Checker,Requests_More_Tests
1,49,Female,White,White Male,66.2,4,8,4,1,3
2,34,Male,Black,Black Male,65.9,4,7,3,0,2
3,72,Female,Hispanic,White Female,67.5,5,9,5,1,1
4,25,Male,Other,Black Female,64.8,3,6,3,0,4
5,61,Female,White,Black Male,68.4,5,8,4,1,2
...
3215,53,Male,White,White Male,66.1,4,8,4,1,3
```

This is a small excerpt of the dataset. In practice, each row would be populated with values that reflect the summary statistics and distributions mentioned in the study. For example, the composite scores and other ratings should reflect the mean and variance described, with random noise added to simulate real-world variability.