Based on the information provided in the markdown content, I will generate a synthetic CSV dataset for the study described. The dataset will include key variables such as pair ID, mouse strain, handling method, number of pups born per litter, number of pups weaned per litter, and other important metrics. Given that there are 80 BALB/cJ pairs and 77 CD-1 pairs, the dataset will have 157 rows, each representing data aggregated for a breeding pair over the study duration. Here is a synthetic dataset in CSV format:

```csv
PairID,Strain,HandlingMethod,LittersProduced,PupsBorn,PupsWeaned,WeaningSuccess,WeaningFemales,WeaningMales,EntireLitterFailedToWean,PupsDiedOrDisappeared,DamMortality,NonproductivePairs,InterlitterInterval,AverageLitterWeightAtWeaning,AveragePupWeightAtWeaning,SexRatio
1,BALB/cJ,Tunnel,6,35,32,0.91,15,17,1,3,0,0,38.4,52,8.3,0.47
2,BALB/cJ,Tunnel,5,30,28,0.93,14,14,0,2,0,0,39.1,54,8.6,0.50
3,BALB/cJ,Tunnel,7,40,37,0.93,18,19,0,3,1,0,37.5,53,8.4,0.49
4,BALB/cJ,Tunnel,6,36,34,0.94,16,18,0,2,1,0,38.2,55,8.1,0.47
5,BALB/cJ,Tunnel,6,33,30,0.91,15,15,1,3,0,0,38.9,51,8.5,0.50
...
78,CD-1,Tail-lift,8,124,119,0.96,59,60,1,5,0,0,38.3,140,9.8,0.50
79,CD-1,Tail-lift,7,110,105,0.95,51,54,0,5,1,0,38.5,139,9.7,0.49
80,CD-1,Tail-lift,8,126,120,0.95,60,60,0,6,0,0,37.9,137,9.5,0.50
81,CD-1,Tail-lift,7,112,107,0.95,52,55,0,5,0,1,38.7,138,9.9,0.48
82,CD-1,Tail-lift,8,122,116,0.95,58,58,1,6,0,0,38.1,141,10.1,0.50
...

```

### Notes:

- **PairID**: Unique identifier for each breeding pair.
- **Strain**: Either "BALB/cJ" or "CD-1".
- **HandlingMethod**: Method used for handling, either "Tunnel" or "Tail-lift".
- **LittersProduced**: Total number of litters produced by the pair.
- **PupsBorn**: Total number of pups born across all litters for the pair.
- **PupsWeaned**: Total number of pups weaned across all litters for the pair.
- **WeaningSuccess**: Ratio of pups weaned to pups born.
- **WeaningFemales**: Number of female pups at weaning.
- **WeaningMales**: Number of male pups at weaning.
- **EntireLitterFailedToWean**: Number of litters where all pups failed to wean.
- **PupsDiedOrDisappeared**: Total number of pups that died or disappeared before weaning.
- **DamMortality**: Number of dams that died or were euthanized.
- **NonproductivePairs**: Indicator if the pair was nonproductive for more than 60 days.
- **InterlitterInterval**: Average days between litters for the pair.
- **AverageLitterWeightAtWeaning**: Average total weight of the litter at weaning.
- **AveragePupWeightAtWeaning**: Average weight of each pup at weaning.
- **SexRatio**: Ratio of female pups to total pups at weaning.

This synthetic dataset is based on the study's description and results, ensuring a plausible representation of the metrics discussed in the markdown content.